filename,study_type,has_hypnogram,EEG Fpz-Cz_delta_power,EEG Fpz-Cz_delta_rel_power,EEG Fpz-Cz_theta_power,EEG Fpz-Cz_theta_rel_power,EEG Fpz-Cz_alpha_power,EEG Fpz-Cz_alpha_rel_power,EEG Fpz-Cz_beta_power,EEG Fpz-Cz_beta_rel_power,EEG Fpz-Cz_gamma_power,EEG Fpz-Cz_gamma_rel_power,EEG Pz-Oz_delta_power,EEG Pz-Oz_delta_rel_power,EEG Pz-Oz_theta_power,EEG Pz-Oz_theta_rel_power,EEG Pz-Oz_alpha_power,EEG Pz-Oz_alpha_rel_power,EEG Pz-Oz_beta_power,EEG Pz-Oz_beta_rel_power,EEG Pz-Oz_gamma_power,EEG Pz-Oz_gamma_rel_power
SC4201E0-PSG.edf,SC,True,2.820060453569797e-10,1066.51738068195,1.9125054262616433e-11,72.32895575605788,5.897501255715073e-12,22.303733183633597,1.862267260747506e-12,7.042900085875845,6.468910071491111e-12,24.464741585877594,8.715241437913796e-11,936.592651749147,8.192943810585111e-12,88.0463384044183,3.2552668206493437e-12,34.98306966505339,1.4989426157347923e-12,16.108545578364485,3.2742330807660414e-12,35.186892588181884
SC4171E0-PSG.edf,SC,True,1.0505847960274319e-10,1084.5656353199654,1.1547319491887911e-11,119.20813958395628,2.4988078998562466e-12,25.79631066143256,9.014536208847853e-13,9.306108585840054,8.985249660733076e-13,9.275874773412406,5.841226786865812e-11,1081.9569720782554,5.197235166307819e-12,96.2671888782156,1.7072884218917844e-12,31.62370986121983,4.595207157220375e-13,8.51159628500947,7.293040557850097e-13,13.508730900430066
SC4272F0-PSG.edf,SC,True,1.0780018744546635e-10,866.8507675058844,8.446443857983968e-12,67.92016335493572,3.289704392416287e-12,26.45341204880686,1.1575384035968372e-12,9.30808264209242,7.41458200006814e-12,59.62268016227546,5.1032521453769795e-11,895.903842950216,3.3896333700525846e-12,59.50686887328146,2.823704097442106e-12,49.57167077359409,1.2838932617243204e-12,22.539448852408935,2.21955108189565e-12,38.965433947762165
SC4421E0-PSG.edf,SC,True,1.9049155228266377e-10,1134.7022646381827,1.1803110016775938e-11,70.30766196884073,3.779927736431805e-12,22.51592005682968,1.8833710969921452e-12,11.218688825318452,1.5060040873305229e-12,8.970824312001913,1.8708404484788225e-11,322.0978160125275,7.036587822362859e-12,121.14713318317906,5.4753283398656825e-12,94.26732790902653,4.232519166417744e-12,72.87020017355323,4.644738053808403e-12,79.9672673475928
SC4751E0-PSG.edf,SC,True,6.571348600763071e-11,1046.6740116498975,3.574977658008414e-12,56.9416787055235,1.3575253125371093e-12,21.622448467039206,1.0209387321701572e-12,16.261350650690073,1.4567576276191543e-12,23.203005086728655,1.0688783905627764e-11,596.6175759097919,1.5329734263884794e-12,85.56622508800798,1.0060490733805278e-12,56.1548034562245,6.738635815131831e-13,37.61315225809812,1.3431051457929945e-12,74.96831663451256
SC4452F0-PSG.edf,SC,True,8.88471044577658e-11,887.70931517185,8.280803245874199e-12,82.73703710808212,3.68594147407715e-12,36.82781337316332,2.94213377917762e-12,29.396113449023574,3.3071623220497193e-12,33.043269310644305,1.2861386689858303e-11,704.3271127674134,2.3609979724180674e-12,129.295147192348,1.3599253390006102e-12,74.47348491223215,8.387163149467523e-13,45.93055591767445,6.496194365777885e-13,35.57505836623504
SC4622E0-PSG.edf,SC,True,7.775061560324585e-11,1086.674844252393,4.385725582786785e-12,61.29671935883175,2.217404862206774e-12,30.99136983788013,9.970595789581248e-13,13.935318122798822,1.0774979987115291e-12,15.059558832396371,7.166780715252527e-12,254.79392950556874,2.551828609658872e-12,90.72280354496743,2.503444858017253e-12,89.00266075076235,2.0259919515471632e-12,72.02821894393185,2.835000130579417e-12,100.79013885297563
SC4592G0-PSG.edf,SC,True,1.0715782034085696e-10,740.3066160541827,4.470500133852907e-12,30.884734456478668,1.8626646045758124e-12,12.868336868659325,4.797806448303181e-13,3.314595094346112,1.4134389557968397e-11,97.6483290754426,1.1549029744751316e-11,908.5252244448276,9.680509110105303e-13,76.1534683551722,6.399814000065512e-13,50.345289425348774,1.6438136455367853e-13,12.931356090198868,5.34214299726723e-13,42.024929997382074
SC4002E0-PSG.edf,SC,True,1.5070196925337225e-10,1046.9419302696404,1.3362443925254798e-11,92.83025899087937,4.011694816419268e-12,27.869652503964975,2.256403589552174e-12,15.675465564364128,2.2327816855458002e-12,15.511361791204417,2.5988680483343494e-11,950.5719266686797,3.664517670766061e-12,134.0348012221732,2.0290490261593287e-12,74.21527396658897,4.923709752097377e-13,18.009149284852167,3.7926071395262397e-13,13.871985066834908
SC4112E0-PSG.edf,SC,True,1.5407620397225006e-10,975.8775583781542,1.490560648974135e-11,94.40813371787235,4.783454633502179e-12,30.29712511086734,3.264689220901904e-12,20.67767029314295,3.763192642396848e-12,23.83505793166018,1.875629113103023e-11,510.7403049965842,3.5742451796700255e-12,97.3279344218075,2.7861232455135627e-12,75.86710113586884,2.0450043703749828e-12,55.68617742964713,2.5232831956026307e-12,68.70987552452522
SC4482F0-PSG.edf,SC,True,1.3611359856005202e-10,864.5529270183929,1.2733552368157302e-11,80.87972170080708,6.196537487598432e-12,39.35855549303445,5.180241817051078e-12,32.9033489157123,5.3995044704312516e-12,34.29603980604986,3.458429724645519e-11,604.078277246923,4.629302389521411e-12,80.85926952307202,3.745008995338593e-12,65.41346108775552,3.1931948960606045e-12,55.775014249383624,3.2338967421227917e-12,56.48594675365869
SC4732E0-PSG.edf,SC,True,4.395829400653825e-11,957.002795331254,3.4660833318792068e-12,75.45905755501106,1.2719083616092453e-12,27.690334326536803,1.0462223120938752e-12,22.776991233163972,1.3514727478622354e-12,29.42250664518051,3.718924390071335e-12,800.8099848684379,5.334404976050566e-13,114.86774992140225,3.3070854363436024e-13,71.21271530304364,1.574226160250489e-13,33.89840435947965,1.4875658081969908e-13,32.03231438459515
SC4442E0-PSG.edf,SC,True,1.8172328752146364e-10,771.34960421269,2.047538991552625e-11,86.91062176374207,1.074139519331405e-11,45.593336132422124,9.408501902227018e-12,39.9356863806461,1.0112173661166771e-11,42.92251839407045,1.2817831961011462e-11,736.7506571358617,2.4884988385021227e-12,143.0353557547803,1.9408641369364015e-12,111.55809599071107,6.66293462624363e-13,38.297595718760824,4.631765566497613e-13,26.622726333097397
SC4802G0-PSG.edf,SC,True,7.312276233829691e-11,1013.8408527178793,7.4333374537531e-12,103.06258874339345,3.060965797657455e-12,42.440029276793,1.3029568376297473e-12,18.065385238124218,1.0898181302501588e-12,15.110235269401887,2.3751622197515752e-11,890.0403599138053,4.280054285016101e-12,160.38572121969813,2.6764637002909263e-12,100.29465336276391,5.085108438452796e-13,19.05533738758541,3.757115604875581e-13,14.078973206095341
SC4542F0-PSG.edf,SC,True,1.660865838254512e-10,1062.4994741324222,8.354016644516467e-12,53.44283738788096,2.8238123367020163e-12,18.064668763057377,2.1026304529769416e-12,13.451078944044554,3.759478957299221e-12,24.05037374566204,1.0501115132915814e-11,842.9121547145893,1.3078684030102498e-12,104.98105769824022,9.246191080819898e-13,74.21808777628986,4.175547428608428e-13,33.51662785915966,3.193764121123108e-13,25.63596877961787
SC4641E0-PSG.edf,SC,True,6.147961686578478e-11,1101.2309833121508,4.354401551916821e-12,77.99661330391255,1.0973392393535528e-12,19.65568478115946,7.393800963878946e-13,13.243873532331918,6.796533259512111e-13,12.174039764798264,6.775962822274932e-12,723.3368857830118,1.268072663501584e-12,135.36729102888634,7.447243859902695e-13,79.49964193398729,3.379020113940196e-13,36.07118206405778,3.6354393327470957e-13,38.8084680269761
SC4531E0-PSG.edf,SC,True,9.677990003884172e-11,990.837028103519,5.5480896558826196e-12,56.80159479479043,2.386486826757555e-12,24.432960915268925,2.1978355569509886e-12,22.501540615722497,2.6704841238860875e-12,27.340538188683468,1.1083530187768383e-11,617.4000717998891,1.3734290355068033e-12,76.50587590492995,1.0734526748597385e-12,59.79590864141701,9.251934138812248e-13,51.53723321739463,1.0720933041469773e-12,59.72018587426222
SC4362F0-PSG.edf,SC,True,7.534320238035888e-11,954.1367414722657,6.258280674836718e-12,79.25407125864612,2.698555897352742e-12,34.17416899247875,1.83107454429391e-12,23.188495363728435,2.1641848373434974e-12,27.406961788299476,1.7429213658549094e-11,661.6702428301082,3.2316458295424416e-12,122.68389857768585,2.5708353165127813e-12,97.59735932314199,1.1974494589214313e-12,45.45911765059411,1.0710729156923639e-12,40.661448651603386
SC4061E0-PSG.edf,SC,True,3.1240141600203044e-10,983.9484711371636,3.02404491239879e-11,95.24618698225005,9.019109255334678e-12,28.406845514259516,6.5791161343919736e-12,20.721773110742735,7.185340407498943e-12,22.631154490390397,7.934419609079854e-12,689.0133017137946,9.590339936709539e-13,83.28109817620562,7.120941124261782e-13,61.83720293444556,5.086155975889693e-13,44.16742867958189,5.913584743843732e-13,51.352698118679584
SC4311E0-PSG.edf,SC,True,9.959422413797719e-11,866.5313621640637,9.848101409286047e-12,85.6845746104308,5.5067990479441744e-12,47.91255839864764,3.879434644059582e-12,33.753481345325795,3.4967917132474004e-12,30.42425113213822,1.0031476948526792e-11,529.2234755838978,1.954899236152957e-12,103.13322489617161,2.1643600016109773e-12,114.18359712579993,1.0259648720224998e-12,54.126097102628066,1.093034692235985e-12,57.6644517778467
SC4232E0-PSG.edf,SC,True,7.631858264493803e-11,594.6047052196178,5.46789124088576e-12,42.60081551285795,1.6738498844357348e-12,13.041109813938808,8.409630587085973e-13,6.552016223236029,1.539391154861621e-11,119.93530174854368,1.133063834630624e-11,773.0534236795842,1.465107704599179e-12,99.95963973812289,1.0128809268677429e-12,69.10564474508347,5.132210697189876e-13,35.01544157749069,5.793636463572948e-13,39.52813925245457
SC4142E0-PSG.edf,SC,True,9.761375846056661e-11,758.7381450890474,9.141818650563514e-12,71.05808274425863,3.6496217671540244e-12,28.36800153541575,2.155898026390822e-12,16.757495002159096,9.270687129007965e-12,72.0597594734145,1.8597413185105436e-11,780.7674046937566,2.059482929693879e-12,86.46240883199843,1.608209604419699e-12,67.51678991850191,9.105210481619441e-13,38.226023620414054,9.02222180959878e-13,37.87761575622547
SC4461F0-PSG.edf,SC,True,8.570685821672844e-11,1115.3614711612456,7.258362768902183e-12,94.45799723136528,1.3748940835650788e-12,17.892429143280932,7.89943858347281e-13,10.28007515749824,7.67685925657974e-13,9.99041758439509,9.483030393757619e-12,561.4775465369366,1.7497572566710083e-12,103.60078695493313,1.3066429651218516e-12,77.36458239544444,9.139781603851527e-13,54.1154244764635,9.972501938775374e-13,59.04585020738
SC4412E0-PSG.edf,SC,True,1.6922422490826044e-10,697.4866284967019,1.5708752022827413e-11,64.74631213251197,7.519145311849956e-12,30.991445318081084,5.826075154337342e-12,24.013166666711648,1.8800065665463195e-11,77.4876908056705,5.7232123756610684e-11,757.8343354906029,3.14430888154017e-12,41.6351006290232,1.4796580459637632e-12,19.59276711073911,5.132041277632811e-13,6.795549135805001,6.637144036485789e-12,87.88518248660385
SC4762E0-PSG.edf,SC,True,1.622696160362443e-10,753.0268384347212,7.927714683484855e-12,36.78927743801228,2.1910403899862623e-12,10.16772121643285,1.2152838927675904e-12,5.639634886219333,2.0048660552084442e-11,93.03762367327582,1.9527634607554583e-11,632.9440736968625,2.0571273455185186e-12,66.67712645964741,1.566905035955131e-12,50.7876799461359,1.0273547356990371e-12,33.2993782715265,2.3601595971610007e-12,76.4992309628689
SC4082E0-PSG.edf,SC,True,2.51670378662526e-10,1209.9084161534233,1.3480507123742609e-11,64.80770247857923,3.2277145213790346e-12,15.517276944196082,1.0733604045308546e-12,5.160193241291836,5.404549564346022e-13,2.5982437973715475,3.381308768296941e-11,1023.6433735357663,3.603500581468075e-12,109.09088002661045,2.1983023383362923e-12,66.55049200962264,5.069742003045999e-13,15.347926387591695,2.9046658140729025e-13,8.793464651289973
SC4611E0-PSG.edf,SC,True,8.435871670522752e-11,558.8552173841429,1.0719916692003081e-11,71.01674382012074,6.462048207282159e-12,42.80943922187112,6.316889146573881e-12,41.84779706329172,1.264854361573933e-11,83.79341066397213,6.672723060478636e-12,531.3947388363388,1.2468305300304995e-12,99.29367334348888,7.705411031534073e-13,61.363477033542345,4.1144343741946826e-13,32.766065066959456,1.1005813953189004e-12,87.6468508932348
SC4381F0-PSG.edf,SC,True,2.7812335118107526e-11,1054.9572086105973,2.591865682447793e-12,98.31275848781658,7.71984602633884e-13,29.282356840104818,4.0012549021552026e-13,15.177268232212885,3.588704882627232e-13,13.612413590683275,4.49599769581102e-12,679.275915971964,8.052678520364057e-13,121.6635538546765,4.5055076173133895e-13,68.07127184519479,2.7354923397777685e-13,41.32907066362825,3.1219556123393427e-13,47.16793472050655
SC4031E0-PSG.edf,SC,True,4.79586744001149e-11,1016.0085425708621,5.1479966433686e-12,109.06074098612054,1.3911091076871217e-12,29.47076320889425,8.204592101663663e-13,17.3814972325001,8.002723628265017e-13,16.953837177224944,4.896162977551196e-11,594.1332850903872,1.0880829772053149e-11,132.03529307785647,9.430300327165685e-12,114.43359501015131,4.490105907331773e-12,54.48595942084089,3.3009943138694477e-12,40.05648105988597
SC4332F0-PSG.edf,SC,True,9.524339027301405e-11,787.1642035511752,9.9889335115851e-12,82.55618441797935,5.460001888237709e-12,45.12563050750942,4.485703616604565e-12,37.07328460914328,5.251571236183307e-12,43.40300022576752,1.0539529008484196e-11,741.2650085780944,1.2090177532284168e-12,85.03250519985271,9.906544986351417e-13,69.67460451388037,5.470344276473274e-13,38.47396590265926,6.399480265557126e-13,45.00875504137725
SC4121E0-PSG.edf,SC,True,1.081805655728047e-10,1153.6940331649207,8.520006321233045e-12,90.86179576976609,2.101315815381831e-12,22.40952896820991,6.349659840318044e-13,6.7716087742874675,5.718224779339364e-13,6.098213457554753,1.0126068610828597e-11,972.3241054066175,1.1459286113332023e-12,110.03421512302289,6.755325033902818e-13,64.86589833389455,1.903243774748786e-13,18.27530379040063,1.6918266662150373e-13,16.245237050551534
SC4251E0-PSG.edf,SC,True,8.522221940070654e-11,1035.9308230538206,7.928461275406165e-12,96.37553999812589,2.122811295526946e-12,25.80413497826536,1.2623709430045854e-12,15.344929751678421,1.4754161582553732e-12,17.93463120200931,1.6635998255261336e-11,781.777250840037,2.362942327845079e-12,111.04200232601336,1.3725514392468221e-12,64.50045704179838,7.758229549639928e-13,36.45833135853598,7.492407595593029e-13,35.20915139795268
SC4772G0-PSG.edf,SC,True,6.681091586671992e-11,530.7172522718361,1.0799586107937297e-11,85.78727877808636,8.422272014459813e-12,66.90291554028266,7.64979827514941e-12,60.76671556366805,8.118499171438353e-12,64.4898744006467,9.733641341195263e-12,754.4757254518834,2.916583144008161e-12,226.07070738298623,2.2967653073461985e-12,178.02727784091041,2.303623412006549e-13,17.8558864459676,1.8891229862570153e-13,14.643003430708571
SC4291G0-PSG.edf,SC,True,1.8493694776461452e-10,1100.7968152040298,1.2499228209404765e-11,74.39892769796094,4.062954170375713e-12,24.1838478742606,1.2260677011015099e-12,7.297900375834517,2.910017575281311e-12,17.32124444453679,3.667040786014811e-11,850.623186265638,3.881309084547387e-12,90.03258193829453,2.659725306880169e-12,61.69617812155479,1.0827939134168757e-12,25.116972034026947,1.5897628049705496e-12,36.876849249344154
SC4701E0-PSG.edf,SC,True,2.1593945600962605e-11,669.7412862405213,2.4572435381934853e-12,76.21198452044597,1.5106997616787598e-12,46.85470734282479,1.5371673956774897e-12,47.675607217522185,1.810902614095121e-12,56.16556920317163,8.91275854765689e-12,681.2446360213288,1.110689207560871e-12,84.89527242231225,7.691426430266579e-13,58.78923984033294,5.817826421987183e-13,44.46842155646494,6.89944895059974e-13,52.73577831113484
SC4192E0-PSG.edf,SC,True,8.741806734214003e-11,953.1679335338349,8.405106674352222e-12,91.64556485295121,3.4045645545313826e-12,37.121865761734846,2.3693151134503952e-12,25.833963838838525,2.0546353239634384e-12,22.40283462505463,1.3330262277824036e-11,956.4385692216914,1.3362981610218161e-12,95.87861623004102,6.761314597441749e-13,48.512039184652316,3.481646412348055e-13,24.98061061185345,2.6864567514936825e-13,19.275171021571165
SC4502E0-PSG.edf,SC,True,1.218048550158027e-10,1051.8575684771831,1.0543457756115775e-11,91.04904592884262,4.067098563804121e-12,35.12182174942884,1.764540354668942e-12,15.237858348923286,1.6951713260971152e-12,14.6388154149473,1.6013296328124782e-11,712.5985124565682,3.1453076968963823e-12,139.96753323611452,3.062938735403726e-12,136.30207933895727,8.734462264430799e-13,38.868729393395846,6.088343409306214e-13,27.093387694177633
SC4571F0-PSG.edf,SC,True,5.800850955777249e-11,650.7772366851601,5.186593587016252e-12,58.18658448732983,2.6220588279645515e-12,29.415963476690727,2.120554631328746e-12,23.78976280784539,7.847624471654061e-12,88.03976187527441,1.0210370328775741e-11,656.7472438701918,1.3417469923771917e-12,86.30329859157004,1.254334498829529e-12,80.68078810774789,5.48650343208661e-13,35.29006188298824,9.474893851278894e-13,60.944022816223885
SC4052E0-PSG.edf,SC,True,1.9251413375187891e-10,1146.9295324984082,1.7295472946284415e-11,103.04016808546268,3.684462960471794e-12,21.950696805503362,1.0261089017116069e-12,6.113185458109577,9.09771153974915e-13,5.420087263067264,4.207875277265155e-11,844.5958322486563,6.626877973226235e-12,133.01329407855,4.661980280040677e-12,93.57428286484031,1.1551859280391606e-12,23.186647797419752,1.262116609225253e-12,25.33293783023606
SC4322E0-PSG.edf,SC,True,4.563421746328218e-11,927.2232229071171,4.730642790677653e-12,96.1200191133719,2.2012175903182997e-12,44.72565066020909,1.1677269205615552e-12,23.726571396336013,1.3230492662872108e-12,26.882503370169346,1.0914988143218392e-11,1023.0724775238691,8.484391821480918e-13,79.52503151804898,6.105216819919724e-13,57.22479232976932,1.8403928772495058e-13,17.250181821908562,1.5804998886444922e-13,14.814179507894012
SC4351F0-PSG.edf,SC,True,3.186283579729474e-11,1101.076924874349,2.355462213561159e-12,81.39718345426897,1.0732894614687397e-12,37.0894250358715,3.4732780804386424e-13,12.002529757152255,2.677954622906903e-13,9.254148186627283,4.611816059545064e-12,1048.8454036268024,4.1888243097187856e-13,95.26462172652556,3.379082446290439e-13,76.84901233067288,6.311314647011992e-14,14.353550256325786,2.581625479635588e-14,5.871279303513097
SC4671G0-PSG.edf,SC,True,6.70199354155489e-11,893.7188989469341,6.86590768916505e-12,91.55770476627848,2.723853345457745e-12,36.322911947041916,1.8614727511557455e-12,24.82296300746156,2.591566506307148e-12,34.55885103743662,2.1516228828056614e-11,1034.795595921015,1.924763375697554e-12,92.56904080536276,1.3253939513304505e-12,63.74313243539621,3.17628574074167e-13,15.275941347213633,2.2220082494229125e-13,10.686465407008193
SC4602E0-PSG.edf,SC,True,5.76865480692973e-11,963.8213332461501,5.519362702985957e-12,92.21698467154962,3.079140386450396e-12,51.44598336783158,1.3716851724631615e-12,22.91798479828027,1.1963727508009433e-12,19.988881608085713,1.7868380005269513e-11,571.0039047351747,7.040963745375382e-12,225.0018071320676,6.633825815843076e-12,211.99126294954058,1.1319774927358709e-12,36.17359650029258,7.387783659073192e-13,23.608482220690725
SC4091E0-PSG.edf,SC,True,1.3177767730440694e-10,1090.9670449416901,9.357699375700476e-12,77.47094837449558,2.513347280264851e-12,20.807614091791862,1.6589008611358477e-12,13.733784107788921,1.6548729011878779e-12,13.700437249265764,2.460985401225193e-11,647.0146582789981,3.2328772829070125e-12,84.99518076851092,2.5910897260046786e-12,68.12202269897716,1.8499321753007395e-12,48.63634029058615,2.0331215789660384e-12,53.45255047020887
SC4022E0-PSG.edf,SC,True,1.2455945611561175e-10,1262.7023971174617,4.397067395124423e-12,44.57459684921308,6.662483072206068e-13,6.753990109125644,1.9037472352057066e-13,1.929894583971851,1.0893037415837427e-13,1.1042649739977606,1.5637058043877086e-11,980.7377713375926,8.817284805920758e-13,55.30096662392049,5.394780796958551e-13,33.83542659250846,3.9094683945312237e-13,24.519723017007216,4.085816852011967e-13,25.625759668423292
SC4151E0-PSG.edf,SC,True,8.861323172967357e-11,1148.6666995294675,4.692934550352496e-12,60.83310060856376,1.2768088768062467e-12,16.55088985948623,7.666017078811078e-13,9.937227617786702,7.770899371581463e-13,10.073183382771287,1.7109811784704837e-11,1111.5470720700555,9.531268447905647e-13,61.92033945022143,4.293688023073309e-13,27.89414875209707,2.276119936095704e-13,14.78692157741411,1.5272296016554154e-13,9.921719849755082
SC4221E0-PSG.edf,SC,True,1.1605126683461411e-10,954.3955427219814,1.0537637719639528e-11,86.66061771454363,4.0299605462943216e-12,33.142045646170914,3.006479414145829e-12,24.72502567537969,3.036399072308085e-12,24.971082346441424,1.3820272500638653e-12,1172.7409435587958,4.997851424490789e-14,42.41005374570687,1.687508041670124e-14,14.319614703399116,1.2354086934681096e-14,10.483254630410352,1.179715143515495e-14,10.010658259256672
SC4401E0-PSG.edf,SC,True,5.285347059425058e-11,1131.3309127869181,3.714181100707538e-12,79.50221333954313,1.9874197547331924e-12,42.54080914523029,4.0895973650250945e-13,8.753801534478812,2.7537120141599195e-13,5.894332938792357,7.2224858524796386e-12,590.9781274469901,2.6446631999032772e-12,216.39891548838585,1.4821453847586833e-12,121.27618135633513,4.968445782411572e-13,40.6541853426187,4.410860153316584e-13,36.091754654564454
SC4472F0-PSG.edf,SC,True,1.2414895005937718e-10,957.6667655617641,6.675647266816438e-12,51.49496248647857,2.7880614036461145e-12,21.506696152809663,9.77697924417459e-13,7.541818183122018,6.237821786598223e-12,48.11764104058177,2.0705273468312195e-11,839.181243713006,1.8804224518993177e-12,76.21320502266047,8.613112639498233e-13,34.90880035038499,2.294176932256463e-13,9.298260437154243,1.5013064134455409e-12,60.84769588567238
SC4562F0-PSG.edf,SC,True,7.006713931597567e-11,1158.0605134830853,4.546399493244658e-12,75.14229613261374,9.643049304299135e-13,15.937905754250162,4.498429904264135e-13,7.434946104060519,5.041470873874949e-13,8.332477115386489,9.225483563218161e-12,1030.4412320189053,9.065961665818665e-13,101.26234190702486,4.487852561869236e-13,50.12711031657364,1.2459249940955597e-13,13.91637063923319,1.2293621201623873e-13,13.731371467054093
SC4511E0-PSG.edf,SC,True,7.473865859341998e-11,978.3530770529502,4.176991552777576e-12,54.678162752628054,1.7789330624038933e-12,23.28680589441706,1.8085199821479486e-12,23.67410818906466,2.2420131343601527e-12,29.348672963572557,5.153944298691885e-12,761.4524016685252,6.194166808335337e-13,91.51366253103491,3.742558488305779e-13,55.29318875310039,1.9781525242936008e-13,29.225558197676328,3.4535051201195453e-13,51.02266566126862
SC4661E0-PSG.edf,SC,True,1.0168740852695897e-10,813.2416211562953,1.4597712333793793e-11,116.74471220653042,7.025642855013551e-12,56.18734185326014,4.186277172857357e-12,33.4796105435368,4.151532191070317e-12,33.20173872317227,1.1488262623942606e-11,494.015091165803,2.2169992701089747e-12,95.33478928788071,2.027966957381682e-12,87.20607407113127,1.3970850320477862e-12,60.07706404927272,1.532138894139106e-12,65.88461286472975
SC4342F0-PSG.edf,SC,True,8.693442307672448e-11,1232.7802795905716,4.617299344170249e-12,65.47596883959248,6.833036946994778e-13,9.689640650786398,1.8374113317748373e-13,2.6055552854007775,1.3561702468511377e-13,1.9231276598109475,5.101237816729137e-12,731.0542344963233,5.291255533445846e-13,75.82855186327964,3.795649241895703e-13,54.39513997663029,2.654965619424429e-13,38.048095937759754,3.646704379631724e-13,52.260623293101695
SC4041E0-PSG.edf,SC,True,1.3655369188056527e-10,1136.348704342801,1.2088569704663685e-11,100.59655167190162,2.6449770769159165e-12,22.010509075057673,9.572751714744397e-13,7.966085616754613,7.103238425100311e-13,5.911049104450858,1.3167455863688207e-11,724.3187178389237,1.73980346431605e-12,95.70354574267353,1.1232273329048765e-12,61.78677111459948,7.451536967877626e-13,40.98960162370106,8.225098682358849e-13,45.24482932298251
SC4242E0-PSG.edf,SC,True,2.0123534188081344e-10,1020.9893719163194,2.4380954608137773e-11,123.6994222755672,5.929892943641019e-12,30.085956152000875,3.137864991974549e-12,15.920298976169835,2.8655857832269535e-12,14.538860826554306,2.1847066424251957e-11,637.5623227526095,2.636924683638412e-12,76.95329860662335,2.2000284497503904e-12,64.20336814592298,1.892847338866148e-12,55.2389104581998,1.7796095979029262e-12,51.93429666018311
SC4181E0-PSG.edf,SC,True,1.2074179217020569e-10,1186.0711786863026,7.659613062528572e-12,75.24193678148869,1.640732075623195e-12,16.11724484012611,5.389653125866346e-13,5.29436587018296,4.821249275304081e-13,4.736011208645497,1.299601212872091e-11,703.3559639002008,1.7813578889304093e-12,96.40870465570967,9.42232244287567e-13,50.99446367352365,7.740278714210035e-13,41.891090451184674,9.248490219121357e-13,50.053667911834374
SC4712E0-PSG.edf,SC,True,5.3956862610314127e-11,1148.205497058849,2.3477179057353242e-12,49.95958761311482,8.255762186054472e-13,17.568314883130927,4.848599808572252e-13,10.317851490825833,5.367435546302044e-13,11.421937268448591,9.013694577982766e-12,600.1458802218018,1.2888539108767052e-12,85.81390883931178,9.897095043939801e-13,65.89640646680719,6.986136855643913e-13,46.514791646276294,9.67118958908543e-13,64.3922926222839
SC4282G0-PSG.edf,SC,True,1.3022412474753645e-10,1114.8549433019043,6.189608301854288e-12,52.98953189973581,1.9020704456422837e-12,16.283715808755105,6.508227614968152e-13,5.571724703658236,2.590346709904485e-12,22.176081736018503,4.246034879414029e-11,871.2390933412532,2.965404753367535e-12,60.84680465626129,2.3234787533945358e-12,47.67519768430361,1.6036797515319154e-12,32.90572339639401,1.6823129195695132e-12,34.51918847553819
SC4822G0-PSG.edf,SC,True,2.1378879060191447e-10,1081.5279587062796,2.09838748158881e-11,106.15452396488901,6.985096025961295e-12,35.33663586877325,2.232341202049051e-12,11.293105763826759,1.894542121974489e-12,9.584226881555612,1.82619906576173e-11,597.2730157014574,5.208398854072956e-12,170.34485171257066,3.674814453004102e-12,120.18774686940033,1.305625806962624e-12,42.70153663543492,1.275079757532633e-12,41.70250364922502
SC4631E0-PSG.edf,SC,True,8.889009889216562e-11,810.4166226776023,7.480029453029936e-12,68.19589900791286,4.22636706864024e-12,38.53205439807578,4.019329756269178e-12,36.64448219879688,4.777402845298852e-12,43.555882233343944,9.248473024159438e-12,546.847454255589,1.9604426410475494e-12,115.91784553736015,2.0963477154398144e-12,123.95369575368072,9.153633917614384e-13,54.12397691985468,8.465544843226057e-13,50.05541600555672
SC4011E0-PSG.edf,SC,True,1.5218210040002042e-10,1246.69037902741,7.355021615443307e-12,60.253043304103194,1.1036160630062788e-12,9.040928757544282,2.452189315280624e-13,2.008857033040238,1.0008388900863259e-13,0.8198968288302889,1.4130485095791317e-11,602.2142566222036,2.611033521471754e-12,111.27725626469096,1.965168639438541e-12,83.75172991684714,1.1480409147979277e-12,48.927308679786805,1.2553094636353881e-12,53.49888912866566
SC4581G0-PSG.edf,SC,True,1.4716705119034812e-10,916.3751570023519,1.1299322066972299e-11,70.3582625960842,5.752295561984587e-12,35.818212746001336,4.41536183832256e-12,27.493435963337376,5.135373171358157e-12,31.976779843759168,3.942058930913337e-11,1008.3300386004074,2.9399258343060384e-12,75.19967565023987,2.006945373621499e-12,51.335186548918784,6.383986517551942e-13,16.329449875007832,8.022318724535891e-13,20.52010152801513
SC4261F0-PSG.edf,SC,True,8.3133307470823e-11,1071.3767079891522,7.628147737764373e-12,98.30740602025496,2.0616513349739554e-12,26.569437539352727,1.1332739842281093e-12,14.60501677860216,8.803841658276175e-13,11.345910779277107,3.1477420676489244e-11,974.5418697865861,2.672304239790663e-12,82.73461784717855,1.3233356977894416e-12,40.97051211830411,7.423362935356624e-13,22.9827534774166,6.873796644294685e-13,21.281294624203742
SC4162E0-PSG.edf,SC,True,1.3378633763128365e-10,977.9261021653941,1.2083773541194114e-11,88.32768553061929,4.477205998697547e-12,32.726634785120275,3.191014568931003e-12,23.325075598885274,2.9771104300847187e-12,21.7615195255028,3.857326257994125e-11,1098.0931037294797,1.755503425602632e-12,49.97519204481728,9.116760002816541e-13,25.953343372762856,5.813605174321745e-13,16.550012425053342,4.720410957528145e-13,13.437936986761933
SC4212E0-PSG.edf,SC,True,9.930646775670829e-11,1209.7791160715788,5.404209158848437e-12,65.83558480072864,1.0579771118879866e-12,12.88857255883366,3.9938934010438664e-13,4.865472448618605,2.7614315427430286e-13,3.3640530031299667,5.859457170297222e-12,623.297321500668,8.583175621848011e-13,91.3031739900289,6.154297321378512e-13,65.46608200464725,4.661207467730793e-13,49.58340073416976,5.300471134321401e-13,56.38354142191899
SC4742E0-PSG.edf,SC,True,5.268945002687374e-11,1191.3832661112358,2.0466064284184182e-12,46.276676827899294,5.295095847250215e-13,11.972963433194726,3.44918447223329e-13,7.799095757981051,3.440450526369343e-13,7.779347066460983,4.07947343052255e-12,465.01238735475897,6.756015881387631e-13,77.01070070723095,5.825417720884954e-13,66.40296714422877,5.493196746944255e-13,62.61603554992986,6.733312589492396e-13,76.7519096611605
SC4432E0-PSG.edf,SC,True,1.2201868448301185e-10,946.6023273833214,1.182409263283289e-11,91.7295056315241,3.936341790657508e-12,30.537538707290395,3.0372185928630197e-12,23.562278194994885,3.5269078050442798e-12,27.361212349295023,1.652577858174781e-11,569.7970819248824,3.9714185471599675e-12,136.9316845242867,2.8292574160761337e-12,97.55078175106553,1.5374942294616942e-12,53.0117065946411,1.4018612819403198e-12,48.33517911194162
SC4522E0-PSG.edf,SC,True,1.0666496402188098e-10,1168.2110413344606,5.298306765802378e-12,58.0278681096982,1.3586716833817485e-12,14.880380606976434,6.660667544008486e-13,7.2948652248854735,8.977641044677678e-13,9.832450129902512,6.932611862288417e-12,835.910226936812,9.59294413814577e-13,115.66838402031377,5.480336952409923e-13,66.07999692726185,2.4169774285523905e-13,29.14307321592163,2.5361308033211177e-13,30.57978316769348
SC4652E0-PSG.edf,SC,True,1.0318286461816425e-10,873.9647319597401,8.529221268435122e-12,72.24298925289749,3.8851263137004195e-12,32.907240848062145,3.752310068169089e-12,31.78227969433532,4.272884021885387e-12,36.191570690553654,1.145299534429106e-11,643.3787304470031,2.260449844323791e-12,126.98209571918665,1.2128429898678893e-12,68.13216626702922,7.758080752254771e-13,43.581473623658155,9.033341828355054e-13,50.74532751048314
SC4551F0-PSG.edf,SC,True,5.561798477603914e-11,942.3101751820434,4.8539892657324974e-12,82.2389285362001,2.274629531935199e-12,38.538011784193785,1.5272416823256606e-12,25.875359975962446,1.5283883533672747e-12,25.894787500969883,7.879409451238575e-12,365.19336758763956,1.999918038640976e-12,92.69182011042201,2.3262237924236948e-12,107.81537699937167,1.585770271577361e-12,73.49697833086599,1.6034861536254947e-12,74.31807065573894
SC4302E0-PSG.edf,SC,True,9.690139108273504e-11,863.2505308988615,1.0575734565070396e-11,94.21442123723101,4.813252944050791e-12,42.87908680025811,3.5731723135183356e-12,31.831771063061552,3.6062709069859303e-12,32.126631416082816,1.8082416268370784e-11,866.6789246513383,3.0452682358913132e-12,145.9578056818486,1.4900316512866855e-12,71.41628696450505,5.819163447406155e-13,27.890887169708677,4.0220831109853203e-13,19.27759329146967
SC4072E0-PSG.edf,SC,True,1.0650406293928989e-10,970.3982972643915,8.884482791504633e-12,80.94984111418697,4.497559730831084e-12,40.97894656968359,2.57432469441965e-12,23.45563381459445,2.4820540140910732e-12,22.61492118253911,1.7996526328519343e-11,557.346224433174,3.508889662258109e-12,108.6691047767913,3.103362993440263e-12,96.11008346086027,1.965535183539801e-12,60.87194792699776,1.5878696018283306e-12,49.175774886555
SC4371F0-PSG.edf,SC,True,1.290744672097118e-10,1119.2230149578506,9.964391732438853e-12,86.40265420489118,2.6153537790415293e-12,22.67810361753733,1.3216998262981727e-12,11.460646682781,9.891079419169603e-13,8.576695273685855,3.725884329310286e-11,911.6243051820684,4.287974925181242e-12,104.91528497155724,2.25428949047909e-12,55.15643827884643,1.18501137464895e-12,28.994060887745622,8.793102703145921e-13,21.514371981681577
SC4491G0-PSG.edf,SC,True,1.0530741406827528e-10,943.8063831810776,1.192529967492449e-11,106.87921694899613,5.450571593822028e-12,48.85016223928385,2.732090535372353e-12,24.4860678569245,2.2620000594825868e-12,20.27293247853852,1.523601882847934e-11,562.5160903759914,2.420410654355044e-12,89.36192280408748,2.075646397858309e-12,76.63317496981583,1.00684165580785e-12,37.1727442863267,2.078161435491372e-12,76.72603053480466
SC4101E0-PSG.edf,SC,True,7.283026027057315e-11,1189.921181688663,4.865815646722766e-12,79.4990582584386,9.362546428621719e-13,15.296790466725671,3.211975454467094e-13,5.24781541921625,2.3260238688009266e-13,3.8003229156630516,1.1894546696519599e-11,1052.5446795019104,9.135064761112311e-13,80.83589948011695,3.834590691589145e-13,33.93217188916229,2.0133725864846078e-13,17.816270412217154,1.519245714854265e-13,13.443757335400011
SC4721E0-PSG.edf,SC,True,9.078939079330142e-11,742.0354208121387,7.510151687261414e-12,61.38160548193905,4.372209585724403e-12,35.73473014273432,4.312183141514224e-12,35.24412493655154,7.211378506581123e-12,58.93968709349846,7.049902747802111e-12,760.0016905900014,9.069634211354685e-13,97.7735095113394,4.788043268497259e-13,51.61661243923498,3.560014826772888e-13,38.37807958012432,3.9701565028474594e-13,42.79953585191857
SC4811G0-PSG.edf,SC,True,1.0363802120523233e-10,1140.5321210644263,7.72090729150904e-12,84.96826422697096,3.3558702621086285e-12,36.931212923105775,7.132274984782835e-13,7.849039012719423,4.472616752903267e-13,4.922096169508405,1.2203632397838934e-11,374.5672192520811,2.5858815693500018e-12,79.36870246256834,2.7975985219697665e-12,85.86695049447013,2.34321918853741e-12,71.92064353757499,2.631727789308891e-12,80.77586473715974
SC4222E0-PSG.edf,SC,True,1.673937432487249e-10,1017.5286148823934,1.49888468373911e-11,91.11201090994831,4.857138201637173e-12,29.524861626761417,3.192009385483521e-12,19.40312000715945,2.9745574376872235e-12,18.08130489656791,8.360666001336805e-12,530.7428811262469,1.787064671678648e-12,113.44453330081635,1.0530796508037746e-12,66.8504791165741,9.143783763885901e-13,58.04559276096241,9.689638557586217e-13,61.510729938296805
SC4152E0-PSG.edf,SC,True,1.0829947001297842e-10,864.9429622524286,1.1493895922144097e-11,91.79698095963946,5.111852086668405e-12,40.82624306387989,3.91701392279137e-12,31.283566070611073,4.139781587328615e-12,33.06271904001905,1.8091969323078703e-11,671.7853149742841,1.9599961971141255e-12,72.77796237179614,1.3392330841546279e-12,49.7279816915863,1.2529169471991474e-12,46.52291804060872,1.5339174165555398e-12,56.95693909401069
SC4471F0-PSG.edf,SC,True,1.228739689112878e-10,1092.0160232964931,9.714685070957772e-12,86.33717827104843,3.255520971723814e-12,28.932743825234958,1.8689269034684713e-12,16.609686681732818,8.718361740667466e-13,7.748256853799219,1.3188942022927946e-11,811.8946457669244,2.4393295194524914e-12,150.16205034958642,1.3355226547791835e-12,82.21309115095588,3.6429399018997675e-13,22.425478829624122,5.032431367790826e-13,30.979013142949906
SC4402E0-PSG.edf,SC,True,8.319149303790209e-11,1004.1664445817717,7.97402458285807e-12,96.25080187860226,5.0268266985949905e-12,60.676524835984004,1.512563078022864e-12,18.2574567759216,1.1752216799859154e-12,14.185563125417291,1.1903561585399934e-11,679.8957150832931,3.990370695596709e-12,227.9179990010519,2.04865891233722e-12,117.0132490324305,5.878818769861724e-13,33.57804857566864,4.204280257649967e-13,24.013587124138503
SC4092E0-PSG.edf,SC,True,1.9260284733805603e-10,926.8844621377486,1.712758212029048e-11,82.42500025672669,6.592817814377972e-12,31.727362696389775,5.564561609259616e-12,26.778969083349907,6.093315433393994e-12,29.323550903710327,3.067843582805049e-11,555.3577862112567,5.1798931977538644e-12,93.76925327089394,4.241535022564186e-12,76.78258153288799,3.0486699521873117e-12,55.18868709686474,3.3894539269986284e-12,61.35774457059815
SC4601E0-PSG.edf,SC,True,6.390778454132523e-11,1099.5025372261516,4.3570318421809516e-12,74.96062646570583,1.8585172965395506e-12,31.97489159873089,5.602606045757067e-13,9.639012847339634,8.03659469568691e-13,13.826572649928314,1.1760702744234651e-11,760.6149832666847,2.8007208795694724e-12,181.1346066027128,2.6008040069594036e-12,168.2051267899883,3.154869092778111e-13,20.403888733505816,3.002778864491806e-13,19.420256131281224
SC4672G0-PSG.edf,SC,True,7.453508552993775e-11,1127.9367706199985,5.025896598633678e-12,76.05671260222728,1.1593608790247748e-12,17.54456651619622,6.540943181471078e-13,9.89838580912882,7.32906760445409e-13,11.091051666001219,4.03673772695308e-11,1233.6458237293984,8.686088951088028e-13,26.545091813878862,4.941791186057951e-13,15.102343701245868,1.711236043917354e-13,5.229616937703018,1.5333896341596575e-13,4.686110038064899
SC4021E0-PSG.edf,SC,True,5.420316423383728e-11,1218.8275923141757,2.5442804636696802e-12,57.211405930627066,5.455519140308283e-13,12.267433742281195,2.0961122741978398e-13,4.713377000204475,1.4670592184534058e-13,3.298870610756029,2.5804780005570384e-11,563.2453532887941,3.4636093997075118e-12,75.60079564993464,3.0566594811418667e-12,66.71823007084916,2.6502301456464222e-12,57.84702734760775,2.8867345433293744e-12,63.00924934673087
SC4821G0-PSG.edf,SC,True,1.8750745389287946e-10,1056.4118565155784,1.6801042657411072e-11,94.65661389254811,6.782514682704621e-12,38.21250184482533,2.5865695870059693e-12,14.57266216721571,2.2534227583579087e-12,12.695722064634863,2.5740916847877106e-11,622.3338467394352,6.345819219606129e-12,153.42181123498796,4.4005856373899606e-12,106.39222385930915,1.7326196733269205e-12,41.889256416555824,1.8103343206357574e-12,43.768150462697605
SC4131E0-PSG.edf,SC,True,1.2437831665907525e-10,962.0393037857042,1.134852817356942e-11,87.77840411700541,4.148251231997438e-12,32.08582359333466,3.0015868285733145e-12,23.21662312513951,3.2426597228838964e-12,25.081269677961583,1.5988686694372198e-11,965.0014613062455,1.899807560652069e-12,114.6633933902278,8.802777254867922e-13,53.129397535139276,3.478575632424535e-13,20.995036257327705,2.721816091799431e-13,16.427593811803302
SC4241E0-PSG.edf,SC,True,1.8491583083070438e-10,1167.7350348697955,1.5275850319807858e-11,96.46629780550228,2.51732321206662e-12,15.89678123076664,8.597731923451523e-13,5.429428482315613,6.984238118841995e-13,4.410514506306234,1.3901496305354191e-11,612.309365007317,1.9568016490570376e-12,86.18985675073758,1.513369669009741e-12,66.65832229123325,1.2891547553817725e-12,56.78248674280854,1.2030420856381201e-12,52.989542949447774
SC4281G0-PSG.edf,SC,True,1.691600615605447e-10,1167.465859986934,8.35418802703023e-12,57.65680870232232,2.8404000983092185e-12,19.60315048887989,1.1673236318231643e-12,8.056337146825483,1.2667741550624072e-12,8.742699456986369,2.2525739038320222e-11,841.5098135537986,2.028902686249649e-12,75.79513898834824,1.4472327669288472e-12,54.06528832618759,8.817053270235384e-13,32.938483576088615,9.634848146108502e-13,35.99357718411862
SC4711E0-PSG.edf,SC,True,8.47583465384195e-11,821.3313026615756,8.023665563505478e-12,77.7514894820135,4.526634847508064e-12,43.86431599738482,3.712122379993391e-12,35.971469884882126,4.0052907705835565e-12,38.812350883350796,1.4446524636246873e-11,648.0020633130731,2.131049757016419e-12,95.58870900373304,1.462696433486311e-12,65.60957259725019,9.039702847383836e-13,40.547787404484,1.318833680327703e-12,59.15657693026629
SC4182E0-PSG.edf,SC,True,1.079784636714756e-10,1126.413838906852,8.514321253787673e-12,88.8200198730806,2.014521119722169e-12,21.01515793861608,9.061176707191339e-13,9.45247273642865,8.485885236405921e-13,8.85233799468111,1.4955404270769472e-11,649.1296431786475,2.3141275683300014e-12,100.44320939126553,1.3653106013955677e-12,59.26042301939927,1.0645949437088072e-12,46.208054521814304,1.2435884369114934e-12,53.97715124901239
SC4662E0-PSG.edf,SC,True,7.120073280342072e-11,1045.7988006095215,7.2195883955556065e-12,106.04156147959947,2.5151700829072886e-12,36.942904271724316,1.0869372279485007e-12,15.96497120984362,7.824646805221686e-13,11.492868011185447,1.4658182124866834e-11,418.16350549241446,3.140184132428019e-12,89.58207733550627,2.714684760165024e-12,77.44357969817172,2.178744883706146e-12,62.154473889271685,2.842179195533649e-12,81.0806964682026
SC4512E0-PSG.edf,SC,True,8.76890194838069e-11,960.0865027898053,4.100097297896271e-12,44.891003446128,1.5064338287519734e-12,16.49359058687868,1.4681419007329506e-12,16.074341250151274,3.88252193731168e-12,42.508821865508715,5.743385387415227e-12,895.3578800848006,6.01911876294445e-13,93.83429897247404,3.823213989052361e-13,59.60151620417449,2.0639518957122722e-13,32.17571988101629,1.430980761070663e-13,22.308095561230957
SC4561F0-PSG.edf,SC,True,1.021776820434533e-10,1057.9504048307892,8.445989965525541e-12,87.45000204080318,2.3756673764571936e-12,24.597722441945148,1.4572799454097379e-12,15.088714848144317,1.550913928947682e-12,16.058203574143796,1.179337784118072e-11,967.381062532287,1.4397175928967905e-12,118.09640575574782,7.548072723388485e-13,61.91493827769605,2.391342758467193e-13,19.615581979295577,1.8220246965204862e-13,14.945609397210577
SC4042E0-PSG.edf,SC,True,1.8229991236176734e-10,1108.8949196188696,1.734822151369777e-11,105.5258581956223,3.869163384814902e-12,23.535368530963787,1.6136999126918643e-12,9.815822793279121,1.3189430399265236e-12,8.022874050201276,1.531155038517624e-11,547.2833246834608,2.5744253300871055e-12,92.01811824120969,1.921167411673344e-12,68.66861042053806,1.5522269923506368e-12,55.48151086381885,1.8034575365207899e-12,64.46128652445935
SC4341F0-PSG.edf,SC,True,6.773164132648622e-11,1212.3636475979217,4.383171191587172e-12,78.45664610818656,5.844870119731077e-13,10.462035053803241,1.7382050886201145e-13,3.111303107737749,1.5582146024856974e-13,2.789128835818085,6.232887873939492e-12,832.8443955366381,4.951603891795671e-13,66.16380133263834,3.4747779992036725e-13,46.43031353846052,2.35546473851888e-13,31.473943475894885,3.1785424439021465e-13,42.471985922410816
SC4211E0-PSG.edf,SC,True,1.3978856481444721e-10,1058.8229878289317,1.0341717828431756e-11,78.33293506460087,3.2455941267553464e-12,24.58362509932546,2.1196595459785048e-12,16.05527788794583,2.217926458736971e-12,16.799596754869995,1.1169799857669116e-11,603.147460786927,1.7244955421224454e-12,93.119404163306,1.2152088934222804e-12,65.61891598174884,9.443395867817978e-13,50.992500415927324,1.0855134429495433e-12,58.61561398663396
SC4161E0-PSG.edf,SC,True,1.7888303759306324e-10,1180.7981715137712,1.0353127853832132e-11,68.34048998577235,2.145383191114801e-12,14.16156938830388,1.1200290107839664e-12,7.393256654019223,8.63395816334775e-13,5.69923350440845,6.406259793686436e-11,1125.4312435847194,2.0783316471231287e-12,36.51146605868896,1.145609851019419e-12,20.12570767995296,8.581095644144285e-13,15.074994541473973,7.520957912109136e-13,13.212578460079257
SC4262F0-PSG.edf,SC,True,1.6110484979411362e-10,992.779026698509,1.6538969207652017e-11,101.91835797341284,5.31104504699001e-12,32.728338962116894,3.315093630432029e-12,20.428655202129036,3.071370842633678e-12,18.92675831718787,1.5274479545647432e-11,899.2313406126117,1.2810586694845302e-12,75.41783019980174,8.655560194753559e-13,50.9565708895091,5.641091623511592e-13,33.209945831341855,4.3544008776873884e-13,25.63500593984785
SC4431E0-PSG.edf,SC,True,1.5376207789337548e-10,693.0725718353849,1.6471300344847616e-11,74.2433156983789,7.544118622531555e-12,34.00462433640428,9.483555118011727e-12,42.7465082797648,1.3282887903201352e-11,59.87175385895007,1.345386034627705e-11,524.2198779389441,4.136432927781736e-12,161.1730989243106,2.5617593080266462e-12,99.81708722985938,1.407446995622504e-12,54.8401479769284,1.2873228760875947e-12,50.159599074282866
SC4741E0-PSG.edf,SC,True,6.480540654717555e-11,1147.1558222062313,2.603669989526727e-12,46.08898156382908,7.706344190016029e-13,13.641419869909521,6.007894837024922e-13,10.634902099532116,7.416027830432103e-13,13.12751505868674,8.040926787643527e-12,393.1816986281473,7.462862524828505e-13,36.491576675582806,6.178995298269794e-13,30.213779224086583,6.025019324787982e-13,29.460874286629206,2.7419846492947117e-12,134.07635842160758
SC4632E0-PSG.edf,SC,True,6.776769963235543e-11,1071.7296128181897,3.4226720541494897e-12,54.12872231605029,1.5340923238009846e-12,24.261295294574257,1.0942801703921906e-12,17.305773542431258,1.1230907903646356e-12,17.76140645834299,6.31250136539414e-12,613.6115758071525,1.115602332541191e-12,108.44298727561437,1.3191975011756814e-12,128.23361305470794,4.963433322255476e-13,48.24743736261751,4.4524616974649304e-13,43.2804981774742
SC4582G0-PSG.edf,SC,True,2.383458105468512e-10,838.5149827886556,2.0517105689784417e-11,72.18041921890995,1.2013546392345974e-11,42.264383096545195,9.76902939371123e-12,34.36803648923151,1.0983672212511529e-11,38.64122341860904,1.2167803936044722e-11,740.810076484575,1.9671369734983977e-12,119.76482358300447,1.644245455332326e-12,100.1062811273489,5.562041435601268e-13,33.86327034011642,5.978007379325474e-13,36.39578782811167
SC4012E0-PSG.edf,SC,True,1.6285950474477866e-10,1235.7930301747185,8.956969153987535e-12,67.96631286171595,1.2978575761121087e-12,9.848263687356075,2.976853427280366e-13,2.2588639963322388,1.330753296106649e-13,1.0097879462349002,2.419233219087346e-11,743.2261408822862,3.785804454788549e-12,116.30581181127013,2.522885391434016e-12,77.50697033133378,1.2420057486008616e-12,38.15635186402032,1.2109490008116363e-12,37.20224017996994
SC4812G0-PSG.edf,SC,True,1.5917128716387464e-10,1011.2966014000184,1.5123552758820384e-11,96.0876661777736,6.762494813900396e-12,42.96558848105406,2.8931590815127896e-12,18.381719458178313,2.577782172546886e-12,16.377968644321435,1.237855521598398e-11,377.6760649132299,2.634711872787573e-12,80.38640979762178,2.9827550168517722e-12,91.00538453067153,2.3461007690302245e-12,71.58073707932348,2.5996758130820432e-12,79.31744165644784
SC4102E0-PSG.edf,SC,True,8.851956554635993e-11,1211.606725554914,5.0967873820553876e-12,69.7619993128815,9.738049165358414e-13,13.328901683722568,3.2917434374314146e-13,4.505555876801475,1.8550615155033138e-13,2.539105331831728,7.511223491228004e-12,873.6773882079805,9.196552659940536e-13,106.97085658331804,4.3024713979050136e-13,50.04473609593848,2.711742913363067e-13,31.54197806529663,2.2686853896173006e-13,26.388498866812387
SC4492G0-PSG.edf,SC,True,7.879581192273461e-11,961.8275200196719,7.815119273139381e-12,95.39589231610928,4.0335762426924604e-12,49.23617816291312,1.9595415070583524e-12,23.919303604075807,1.5792868683471827e-12,19.277694269734834,1.512607542755605e-11,497.4072813600434,2.9465961023011657e-12,96.89614226315759,2.7705694775083796e-12,91.10766624341908,1.611175144741637e-12,52.98203439345783,2.143703621374147e-12,70.49375070594087
SC4722E0-PSG.edf,SC,True,5.454407860230205e-11,1067.9628524776138,2.7361666637371687e-12,53.57363127105008,8.496623456613293e-13,16.63622973506415,8.289645555960687e-13,16.230970878658322,1.069809075142386e-12,20.946661503367668,5.5173042566465e-12,855.2314697578241,5.679291669776793e-13,88.0340966528244,2.750238969834722e-13,42.63116201220031,2.0608536297826678e-13,31.945073114855838,2.217193357391702e-13,34.36847861879448
SC4552F0-PSG.edf,SC,True,3.688793011426077e-11,1095.9195916645792,2.553485228488979e-12,75.86260547173717,8.472073158519764e-13,25.170051362811435,4.434461355195732e-13,13.17453449566061,4.2475528422220797e-13,12.619239848923225,5.756762649570271e-12,468.7427391637062,1.1036437525391562e-12,89.86387438862582,1.3108733489432838e-12,106.7374845350353,8.069990514312443e-13,65.70966511857691,7.70108848711686e-13,62.70589099695998
SC4651E0-PSG.edf,SC,True,5.497477742131476e-11,1062.1322976704514,3.3305456121805395e-12,64.34732852942864,1.1720711749729362e-12,22.644832930685794,9.081526509391199e-13,17.545832962363093,9.046918034299991e-13,17.478968154733614,2.1003042141488087e-11,896.7236944168276,2.5057826537206893e-12,106.98424844901142,1.1441600239975791e-12,48.84984740836512,6.188909743646733e-13,26.42351509057152,6.231333627643218e-13,26.604643622964886
SC4372F0-PSG.edf,SC,True,1.8686213216411197e-10,960.8348847709614,2.0333396118376517e-11,104.55321305680158,8.08767964471088e-12,41.5864073126673,4.440265490885835e-12,22.831602807254864,3.998558032479978e-12,20.560367164245456,3.067055975443604e-11,937.794263757162,2.794692174741528e-12,85.45153109116526,1.5708611206364606e-12,48.03122472777667,8.7102765740162e-13,26.632860542003428,7.615515936817719e-13,23.285480337755992
SC4071E0-PSG.edf,SC,True,6.550998458719707e-11,1157.3895978866774,3.69778429270146e-12,65.33014932868467,1.45457061971084e-12,25.69844757640074,4.889784836089065e-13,8.638967236605849,4.025733747483105e-13,7.1124155997876635,1.1152370972855663e-11,565.9238695504489,1.84126415035116e-12,93.43442173574243,1.6173203437486797e-12,82.07045743588186,1.0324663320856696e-12,52.392208191122116,1.1956747299730757e-12,60.674171578134484
SC4301E0-PSG.edf,SC,True,1.5099053256178037e-10,1020.4016640651622,1.2326454969110224e-11,83.3028067992136,5.094087710002264e-12,34.4261026700687,2.860795252965324e-12,19.333399168461828,2.6319985388833235e-12,17.787179390169513,3.6736533039562016e-11,999.3315886470784,4.695431110712322e-12,127.7282378878234,2.2671493026032376e-12,61.67250218823646,6.641130356031426e-13,18.06564419663143,3.2764553738267437e-13,8.91283167720656
SC4621E0-PSG.edf,SC,True,6.711518517690669e-11,1090.4191799986309,3.843902634868649e-12,62.45181545815459,1.7933732161194268e-12,29.13690168026714,8.198686509313221e-13,13.320390902575173,9.198930096794195e-13,14.945484820717533,8.424319749002599e-12,324.9784141600473,2.3262958915501214e-12,89.73970269736003,2.066493092386522e-12,79.71749269322007,1.758097686017633e-12,67.82076357062583,2.4189424865845946e-12,93.31365815354935
SC4001E0-PSG.edf,SC,True,1.2800425591494562e-10,1158.5893680728839,9.315907665625036e-12,84.31994310027962,1.8680699453164784e-12,16.90823451134535,7.590584860635552e-13,6.8703738435313415,7.23427275987907e-13,6.547869401236486,1.9775409804403058e-11,946.0239987487367,2.244856593916041e-12,107.39035158305931,1.3015757088820735e-12,62.26530165340408,4.488470569185542e-13,21.47212582760988,3.9818557640576443e-13,19.048561570217373
SC4591G0-PSG.edf,SC,True,6.981177347066583e-11,243.44538587823595,5.038207640526689e-12,17.569076707356114,2.6131299622231806e-12,9.112423311674037,1.2019074405127639e-12,4.191253224192903,5.505162682241416e-11,191.97427409058253,2.0057830084730395e-11,375.5649396724834,1.4734771788177478e-12,27.589543107793595,8.704428863425467e-13,16.298265002576173,2.452493883762297e-13,4.592075581513242,8.748283908463942e-12,163.80379654433492
SC4271F0-PSG.edf,SC,True,1.211352879308843e-10,869.5919948235481,1.2028867026718436e-11,86.35143938568525,6.148139680815634e-12,44.13555406369066,2.6846042130238332e-12,19.271926230505922,6.0357444834456975e-12,43.32870442013118,3.4880120494898275e-11,820.9657619214574,4.204318001065971e-12,98.95611259743414,4.045948258203403e-12,95.22859862185913,1.3121567872360255e-12,30.88394711111152,1.2332555147327466e-12,29.026865129221548
SC4172E0-PSG.edf,SC,True,1.032665767620234e-10,1000.931852161928,1.5854643079370895e-11,153.67428417204036,3.689575043068967e-12,35.76194057502218,1.4545808342651017e-12,14.098814294148616,1.2363011308950789e-12,11.983094817100346,1.3542599828868244e-10,1081.5507509942445,1.1978723644651706e-11,95.66551266034318,3.8630481814912824e-12,30.85140751861092,1.0042464093886555e-12,8.020199016309135,1.7993483581134193e-12,14.370110559343491
SC4202E0-PSG.edf,SC,True,7.359548880298194e-11,693.5868715746233,7.288972962871722e-12,68.69355766960228,2.000743344384576e-12,18.85563014290654,9.352770966755948e-13,8.814343461665255,9.902859320841992e-12,93.32763906730243,1.9295267814174766e-11,632.049488268741,2.4886347305233365e-12,81.51948566163831,1.980602691092514e-12,64.87802757778174,1.340570097534662e-12,43.91266564917578,1.8921789931867015e-12,61.98155816619152
SC4451F0-PSG.edf,SC,True,7.621986878133003e-11,621.2001001607816,8.292086515804916e-12,67.58139388743768,4.0896008672790755e-12,33.33068541038559,3.3575784621559808e-12,27.36462434713447,1.0744298469693928e-11,87.5671841508874,1.783035107812627e-11,729.705981956094,2.817653391524955e-12,115.31228554422275,1.7003499612275584e-12,69.58671383922905,1.0563233106905204e-12,43.22996419493607,9.002552289257745e-13,36.842887891326036
SC4752E0-PSG.edf,SC,True,8.958335144540346e-11,995.1095996372592,5.262329472393926e-12,58.45499738447171,2.456732012318374e-12,27.28986546885453,1.9734679770741777e-12,21.921672909950065,2.35745386042521e-12,26.187064106892286,1.536383130210871e-11,907.2606303158645,1.2666193518875328e-12,74.79604852248225,7.456274379930406e-13,44.03058104924138,4.520076569265216e-13,26.69182859840876,5.334730727990713e-13,31.50250134663981
SC4422E0-PSG.edf,SC,True,1.9559260248300977e-10,1163.2436822984814,1.0916585105783812e-11,64.92397204889072,2.9491325198112227e-12,17.539312470825188,1.500846405974397e-12,8.92595158347951,1.2928157560455966e-12,7.688735368847135,1.3379425329735402e-11,459.1467067405481,3.944389706191717e-12,135.3610860755154,2.839756988284746e-12,97.45299495162877,1.7804099271882062e-12,61.09898852679725,1.8001314500764467e-12,61.775779350235624
SC4532E0-PSG.edf,SC,True,1.009710687833106e-10,1049.1225472031285,5.405432083162315e-12,56.16421361242546,2.0387712238261036e-12,21.18350221779985,1.7400958462926287e-12,18.080167008610026,2.046949560587748e-12,21.268477821194466,8.366308939456846e-12,803.5500412590699,6.819127880659052e-13,65.49495756739522,4.85852110234419e-13,46.66412465160764,3.9195674341851743e-13,37.64585549313552,4.3968249367047977e-13,42.229720237027486
SC4642E0-PSG.edf,SC,True,6.302568575712901e-11,1086.8363524357176,4.944581255521843e-12,85.26604021068535,1.2589973764328199e-12,21.710578788484014,7.954083532073233e-13,13.716292062700239,7.372604824128032e-13,12.713570409821259,6.095105509043076e-12,607.4500787646983,1.4476672484897225e-12,144.27733577629544,9.52065460395611e-13,94.88469691761908,4.760008894698222e-13,47.439175149882786,4.553946902891149e-13,45.3855212308833
SC4541F0-PSG.edf,SC,True,7.047319218295375e-11,908.0655925096147,4.763867031342708e-12,61.38367802643112,1.890743086070898e-12,24.362721306552658,2.0110672639428775e-12,25.91312994405127,3.053145441580712e-12,39.34058098616438,5.515582457816646e-12,830.1838665968868,6.863811635302819e-13,103.311404127644,4.906781309829548e-13,73.85495025220139,2.311470373366309e-13,34.79134663948094,1.814717841150762e-13,27.314422106296732
SC4312E0-PSG.edf,SC,True,1.2556179230302956e-10,1137.8283109001459,7.357948918396968e-12,66.67699175003872,2.6420138113665834e-12,23.941662963101585,1.2509660427660049e-12,11.336128238745598,9.27791916730495e-13,8.407556869947586,9.758357732763685e-12,584.9539390001038,1.6587054522228238e-12,99.42925997281492,1.3669830697547357e-12,81.94228507474726,8.491576583512184e-13,50.90181469950815,9.585243992918964e-13,57.457682772888894
SC4062E0-PSG.edf,SC,True,7.352926091036157e-11,1155.686960494896,5.461537840851032e-12,85.8410378232367,1.0611712835866404e-12,16.678826906580436,4.837730273762242e-13,7.603642042035773,4.216797176576117e-13,6.627698213860297,4.4828412772704924e-11,657.7600302178845,6.863914661485556e-12,100.71310661930669,4.8045585445598805e-12,70.49650830772912,3.141855728359102e-12,46.09993954735819,3.4338582728310758e-12,50.38444552461488
SC4801G0-PSG.edf,SC,True,4.240963518190951e-11,1123.4194120709512,3.1873607821327145e-12,84.4322984756295,1.027468213250027e-12,27.21734650863753,3.838880477037153e-13,10.16908735485508,3.1110956563809996e-13,8.241205655734825,1.0798118649553302e-11,942.6441150744675,1.6032753272127933e-12,139.96123779430332,1.0098363868505627e-12,88.15575732649737,2.0803854531216243e-13,18.161155365270545,1.305963924003039e-13,11.400682354161303
SC4481F0-PSG.edf,SC,True,1.2049298810986366e-10,1047.3627283848257,6.5730332308381294e-12,57.13486009773203,2.2214730423540097e-12,19.30973829408062,1.4822825533389792e-12,12.884463433563495,3.0567297225478496e-12,26.570050526289744,2.338559236428178e-11,596.7086278043055,2.8898760666900054e-12,73.73830670686357,2.4204460521045373e-12,61.760293257810076,2.1810292929607403e-12,55.65131626049224,2.352828049066613e-12,60.034946934350955
SC4111E0-PSG.edf,SC,True,1.3112937195343848e-10,647.0837229386518,1.3441880127089697e-11,66.33160600373179,4.063895870102997e-12,20.054094899463166,1.5778492932801743e-12,7.786208228728447,2.0845995990403186e-11,102.86867459888411,3.1270997239453393e-11,432.62106977457336,5.015933148136623e-12,69.39332148086429,2.6397917912611872e-12,36.52040707153074,1.6930736960901423e-12,23.422961154740307,9.006335614390126e-12,124.59885811797673
SC4441E0-PSG.edf,SC,True,1.652409764302421e-10,712.0222749416329,1.9560650702907458e-11,84.28671455292739,1.1012167881655556e-11,47.45135859473499,1.0152313494951946e-11,43.74625172738537,1.1755509246521629e-11,50.65441162131643,1.1801029427466376e-11,699.094837516757,2.439916306861419e-12,144.54102538967925,2.3142729598037633e-12,137.09789376830582,6.483404661967294e-13,38.407791087819696,4.774224682858493e-13,28.28258203613363
SC4731E0-PSG.edf,SC,True,6.708745674331748e-11,1019.2299576570083,7.284319847355183e-12,110.66743874322624,1.8139335079062047e-12,27.558286782723034,1.0953513305633651e-12,16.641186660885772,1.2714467096563454e-12,19.316525606334935,4.134298906906442e-12,899.6372319420769,5.244404611153485e-13,114.11999359022529,3.0151294020061427e-13,65.61022147277848,1.203033634716372e-13,26.178413158793518,1.0121732863279005e-13,22.025228317105665
SC4382F0-PSG.edf,SC,True,4.1268992499360324e-11,274.833991024777,5.070495174625857e-12,33.76734785410373,2.4052900709761797e-12,16.018211973284764,1.8611100207711546e-12,12.394203584026682,2.6211428304171507e-11,174.55699824527863,7.484026286160153e-12,420.711277440838,1.849911631500938e-12,103.99197649541361,1.0884144980149652e-12,61.184746864370574,5.812915848875489e-13,32.67705321878618,1.9077556708569228e-12,107.24365396944884
SC4612E0-PSG.edf,SC,True,6.258840792979788e-11,835.0488640292589,5.872223484618523e-12,78.34667332737936,2.37478101879643e-12,31.684113043560668,2.0829524584748866e-12,27.79056285035022,3.4693907380043855e-12,46.28829667458119,5.9006172674425706e-12,518.07569172282,1.1365540562156752e-12,99.78973422038571,8.015622497550496e-13,70.37736870209382,4.3172090144555377e-13,37.90520457608743,9.57182452466145e-13,84.04086194549471
SC4081E0-PSG.edf,SC,True,1.3607840354938865e-10,1156.1886979799476,8.335003956829197e-12,70.81827182817031,2.8886199373716507e-12,24.543128352740375,9.94585594925916e-13,8.45048585251552,7.731473605930636e-13,6.569038266724604,2.435301244853202e-11,906.4557474129717,3.2572498057418047e-12,121.23973629194371,2.275521358810411e-12,84.69832709254857,6.508421735020392e-13,24.22532448815121,4.492511594264116e-13,16.72180377498059
SC4331F0-PSG.edf,SC,True,9.045256379438388e-11,1084.0716982548693,5.0597350044613336e-12,60.6407965558028,1.753377674706153e-12,21.014187257552244,1.1341833992702991e-12,13.59315946615296,1.5177219913378982e-12,18.189859829385995,9.658737190926766e-12,858.9280365621288,8.240088558645341e-13,73.27710597016667,6.12594044439649e-13,54.476500333240175,3.337035274957413e-13,29.67544410826559,4.0648062254432407e-13,36.14733438968826
SC4032E0-PSG.edf,SC,True,1.2122835639718782e-10,967.7726218473788,1.3315438519862216e-11,106.29787642417932,3.4145850196826155e-12,27.258819596564994,1.7609463456984427e-12,14.057731314327013,3.735138721218987e-12,29.817817387167167,2.3380399773740663e-11,503.6010014208693,5.7439688916381075e-12,123.7219429074146,5.451846163561197e-12,117.42977939348887,2.9091902250875836e-12,62.66236355476621,2.3417208289029943e-12,50.4393836673469
SC4141E0-PSG.edf,SC,True,1.1914018136997024e-10,1018.2233295960629,1.0842553818433317e-11,92.66513718026276,3.966889979318151e-12,33.90275116620459,2.1589513468145014e-12,18.451328540141496,2.061827587262226e-12,17.62126703866445,1.683610211441072e-11,734.5578513360546,2.1963578928772683e-12,95.82692737269487,1.7673573072139571e-12,77.10966453565008,9.54234708564839e-13,41.633187565054634,9.127749073626916e-13,39.824299600315925
SC4231E0-PSG.edf,SC,True,1.4077357542731414e-10,1185.580076514032,6.253674636538143e-12,52.66778251227239,1.939723024780912e-12,16.336140963636957,7.568927680367346e-13,6.3744703728523495,9.522499622964115e-13,8.019747880473393,1.4248635242746418e-11,703.5662735767036,1.8166722091090064e-12,89.70327857356386,1.37300788369737e-12,67.79610986365584,8.950147611808814e-13,44.193860646460145,9.378771590344386e-13,46.31031159215624
SC4761E0-PSG.edf,SC,True,1.7341015206048974e-10,806.4329973320124,1.5096699522105125e-11,70.2062509073012,7.71371402859177e-12,35.87214157144247,7.0687103178557265e-12,32.87259241264987,1.0269576960364336e-11,47.758021263884935,1.5871315766130375e-11,427.6536825059309,4.106913434584045e-12,110.66106174895695,3.822538011368577e-12,102.99854663399692,2.388943257054973e-12,64.37023850016693,2.5419988085329448e-12,68.49433074192122
SC4411E0-PSG.edf,SC,True,1.0939542338274915e-10,812.9474642200253,1.0450443942144464e-11,77.66012178604146,5.287852395922471e-12,39.29548479733603,3.86106392827375e-12,28.692627466685472,6.457122668119415e-12,47.98465362521828,3.958209282996166e-11,667.3935381513735,5.419260226420041e-12,91.37412900855419,2.637675911844691e-12,44.47384494965785,1.2107612297118634e-12,20.4146411465705,4.6613442601450516e-12,78.59491037232293
SC4462F0-PSG.edf,SC,True,8.605278380152016e-11,994.6546916487483,7.858940382722971e-12,90.8388035544891,1.8399754910009973e-12,21.26764729499106,1.2261180654319489e-12,14.17227929674055,2.4937345152415305e-12,28.824224223035394,1.1551555023586933e-11,467.81971606168963,2.228115886698616e-12,90.2351708786839,1.6637868049653359e-12,67.38073524272397,1.4209947075892404e-12,57.54803914037379,1.9239901679606993e-12,77.91856007637043
SC4572F0-PSG.edf,SC,True,7.419481953833758e-11,660.4313954365958,8.513272175831287e-12,75.77930990061382,5.3708895772310504e-12,47.80797527775815,5.508939684654275e-12,49.03680264943984,6.396111463881876e-12,56.93379734250599,4.302502117454023e-12,218.7447159670692,4.246573050826405e-13,21.590121061604773,1.7613410310808225e-13,8.954883299230275,9.489054391968874e-14,4.824356737320032,3.840011825440493e-12,195.23111741388786
SC4501E0-PSG.edf,SC,True,6.500669721307302e-11,1001.9164979795379,4.8715496544346675e-12,75.08281729044761,2.3309647901737898e-12,35.92602269624107,8.639590924596253e-13,13.315779841536854,1.8265842028380822e-12,28.152250863842422,7.230733230723677e-11,630.3769867640744,1.0799604304609075e-11,94.15119881420996,4.606819938089589e-12,40.16236221795904,1.269108113319299e-12,11.064113732653787,1.078387914266433e-11,94.01410649055757
SC4352F0-PSG.edf,SC,True,1.5512632639828558e-10,1039.759420053489,2.3782871108219665e-11,159.40855975148426,6.375526565244194e-12,42.73300321051874,2.012295950325055e-12,13.487740726316117,1.1913568638461206e-12,7.985263047156617,1.3486047578223404e-11,883.3263698940259,1.998610537174107e-12,130.90754577231905,1.4993525847872421e-12,98.20651070888573,3.9183098762538175e-13,25.664646509923937,2.4081069847127765e-13,15.772926713958743
SC4321E0-PSG.edf,SC,True,4.859922599142596e-11,1118.51892401039,3.3333328602269282e-12,76.71718650102115,1.2124292473398892e-12,27.904252166744225,4.325573317367329e-13,9.955375860354929,4.643775657728789e-13,10.6877236130156,4.541135618246827e-12,947.1045190711734,4.474298942817447e-13,93.31649844128147,3.100960781948189e-13,64.67399824494684,9.880449287756778e-14,20.60677979597695,1.0472043199125804e-13,21.840614928892247
SC4051E0-PSG.edf,SC,True,3.2810959601076267e-10,1215.8552628680968,1.8512110843077482e-11,68.59917438871555,4.354649612146561e-12,16.13675343009852,9.154220915981156e-13,3.3922225419422984,6.47720181050903e-13,2.400216270940105,4.4013629804431135e-11,889.5606004068554,3.664059948872436e-12,74.0544095665005,3.8755415341361965e-12,78.32866930826994,1.179656157280594e-12,23.842060839038584,1.5026084191663801e-12,30.369257283921414
SC4252E0-PSG.edf,SC,True,7.305068262872022e-11,1065.048336037268,7.030290972238917e-12,102.49869586977822,1.6562092898648535e-12,24.14683730287997,9.045255887718879e-13,13.1876039834004,9.528054647663667e-13,13.891504340544895,1.2724259496844462e-11,748.9322679561233,1.9260240010166694e-12,113.36310168596155,1.103972239113062e-12,64.97827500331839,6.713074641271654e-13,39.51222636801098,6.475011478669185e-13,38.11101960757914
SC4122E0-PSG.edf,SC,True,1.0561944858088554e-10,1178.7116710908206,7.93600671410317e-12,88.56573160959871,1.7561806235422497e-12,19.5989528948121,4.730064713521083e-13,5.278746062163369,3.4820675344107597e-13,3.8859828350582624,9.040443668656013e-12,974.0809714690761,9.933608582476089e-13,107.03168398427012,7.750244482267552e-13,83.50658387026199,1.6473276104453083e-13,17.74946604306366,1.2117272100774837e-13,13.056001023932707
SC4191E0-PSG.edf,SC,True,7.479724571239712e-11,932.2013196016699,7.83686929877715e-12,97.67124219996552,3.2114677269782575e-12,40.024661662790564,2.207187569702484e-12,27.508274475727585,1.8614141049701618e-12,23.19888477779532,1.486455208014161e-11,883.2065652714239,1.5373792915543725e-12,91.34641099795702,6.96808126012133e-13,41.40222378113735,3.5192269723504937e-13,20.910178456118143,6.526504938044186e-13,38.77851130985495
SC4702E0-PSG.edf,SC,True,3.0039258618423586e-11,814.7038975389153,2.5908645407449612e-12,70.26762764530113,1.397641505900153e-12,37.90586168197412,1.3087178105757085e-12,35.494135011730826,1.5867271642589257e-12,43.03411150965539,1.150271859510888e-11,719.7950009896632,1.2034419342618824e-12,75.30667477437619,8.58567215168646e-13,53.725767902797095,6.691682139012233e-13,41.8739214738412,8.098870394137385e-13,50.67955349131179
SC4771G0-PSG.edf,SC,True,5.885930747262134e-11,545.2811120849086,9.427893404880085e-12,87.34136402848908,6.911437624965899e-12,64.02855480418116,6.329354901227095e-12,58.63605651368824,6.901554687839357e-12,63.936997849496755,1.2375104383749697e-11,878.6212389784065,2.4047493503055587e-12,170.73503285939827,1.5634762009346256e-12,111.00539875706457,2.354664357011475e-13,16.717904355234573,2.0106718740620347e-13,14.275588782000465
SC4292G0-PSG.edf,SC,True,1.979223649356109e-10,1149.815394816941,1.4067409454617959e-11,81.72357864345055,4.601173994925374e-12,26.730181277480664,1.3168389424189602e-12,7.650078802263511,1.0524513300206935e-12,6.114138449927285,8.615225955547772e-11,1074.520679283593,4.4829381188591485e-12,55.912749561268704,2.6833975878352597e-12,33.46825972697739,1.131498122862816e-12,14.112434634447837,1.3786927680137287e-12,17.195531460849498
